note_text,negligent,category
"Patient was admitted with acute appendicitis. Appendectomy was planned but delayed by 48 hours due to lack of surgeon availability, leading to appendix perforation and sepsis.",1,Medical device/equipment
"Administered 50mg of Atenolol to patient instead of prescribed 5mg, resulting in severe bradycardia and hypotension.",1,Documentation
Left sponge in patient's abdomen during Caesarean section. Patient complained of pain and had fever; sponge found on X-ray 3 days later.,1,Resources/organizational
Patient had severe chest pain. ECG showed ST elevation but doctor discharged patient as gastric irritation; patient suffered cardiac arrest at home.,1,Medication/IV fluids
"Cross-matching was missed; transfused B+ blood to A+ patient, leading to acute hemolytic reaction and renal failure.",1,Clinical administration
Admitted patient for routine health checkup. Vital signs are normal. Advised discharge tomorrow.,0,Nutrition/systemic functions
"Patient underwent elective total knee replacement. Pre-operative checks normal, surgery uneventful. Pain controlled.",0,Documentation
Diagnosed with Type 2 diabetes. Prescribed Metformin 500mg daily. Patient educated on diet changes and scheduled for follow-up.,0,Resources/organizational
Presented with mild fever and cough. Chest X-ray clear. Advised hydration and symptomatic treatment.,0,Healthcare-associated infection
Follow-up visit for hypertension. Blood pressure well-controlled at 120/80 mmHg. Continue current medication.,0,Medication/IV fluids
"Patient was admitted with acute appendicitis. Appendectomy was planned but delayed by 48 hours due to lack of surgeon availability, leading to appendix perforation and sepsis.",1,Medical device/equipment
"Administered 50mg of Atenolol to patient instead of prescribed 5mg, resulting in severe bradycardia and hypotension.",1,Documentation
Left sponge in patient's abdomen during Caesarean section. Patient complained of pain and had fever; sponge found on X-ray 3 days later.,1,Resources/organizational
Patient had severe chest pain. ECG showed ST elevation but doctor discharged patient as gastric irritation; patient suffered cardiac arrest at home.,1,Medication/IV fluids
"Cross-matching was missed; transfused B+ blood to A+ patient, leading to acute hemolytic reaction and renal failure.",1,Clinical administration
Admitted patient for routine health checkup. Vital signs are normal. Advised discharge tomorrow.,0,Nutrition/systemic functions
"Patient underwent elective total knee replacement. Pre-operative checks normal, surgery uneventful. Pain controlled.",0,Documentation
Diagnosed with Type 2 diabetes. Prescribed Metformin 500mg daily. Patient educated on diet changes and scheduled for follow-up.,0,Resources/organizational
Presented with mild fever and cough. Chest X-ray clear. Advised hydration and symptomatic treatment.,0,Healthcare-associated infection
Follow-up visit for hypertension. Blood pressure well-controlled at 120/80 mmHg. Continue current medication.,0,Medication/IV fluids
"Patient was admitted with acute appendicitis. Appendectomy was planned but delayed by 48 hours due to lack of surgeon availability, leading to appendix perforation and sepsis.",1,Medical device/equipment
"Administered 50mg of Atenolol to patient instead of prescribed 5mg, resulting in severe bradycardia and hypotension.",1,Documentation
Left sponge in patient's abdomen during Caesarean section. Patient complained of pain and had fever; sponge found on X-ray 3 days later.,1,Resources/organizational
Patient had severe chest pain. ECG showed ST elevation but doctor discharged patient as gastric irritation; patient suffered cardiac arrest at home.,1,Medication/IV fluids
"Cross-matching was missed; transfused B+ blood to A+ patient, leading to acute hemolytic reaction and renal failure.",1,Clinical administration
Admitted patient for routine health checkup. Vital signs are normal. Advised discharge tomorrow.,0,Nutrition/systemic functions
"Patient underwent elective total knee replacement. Pre-operative checks normal, surgery uneventful. Pain controlled.",0,Documentation
Diagnosed with Type 2 diabetes. Prescribed Metformin 500mg daily. Patient educated on diet changes and scheduled for follow-up.,0,Resources/organizational
Presented with mild fever and cough. Chest X-ray clear. Advised hydration and symptomatic treatment.,0,Healthcare-associated infection
Follow-up visit for hypertension. Blood pressure well-controlled at 120/80 mmHg. Continue current medication.,0,Medication/IV fluids
"Patient was admitted with acute appendicitis. Appendectomy was planned but delayed by 48 hours due to lack of surgeon availability, leading to appendix perforation and sepsis.",1,Medical device/equipment
"Administered 50mg of Atenolol to patient instead of prescribed 5mg, resulting in severe bradycardia and hypotension.",1,Documentation
Left sponge in patient's abdomen during Caesarean section. Patient complained of pain and had fever; sponge found on X-ray 3 days later.,1,Resources/organizational
Patient had severe chest pain. ECG showed ST elevation but doctor discharged patient as gastric irritation; patient suffered cardiac arrest at home.,1,Medication/IV fluids
"Cross-matching was missed; transfused B+ blood to A+ patient, leading to acute hemolytic reaction and renal failure.",1,Clinical administration
Admitted patient for routine health checkup. Vital signs are normal. Advised discharge tomorrow.,0,Nutrition/systemic functions
"Patient underwent elective total knee replacement. Pre-operative checks normal, surgery uneventful. Pain controlled.",0,Documentation
Diagnosed with Type 2 diabetes. Prescribed Metformin 500mg daily. Patient educated on diet changes and scheduled for follow-up.,0,Resources/organizational
Presented with mild fever and cough. Chest X-ray clear. Advised hydration and symptomatic treatment.,0,Healthcare-associated infection
Follow-up visit for hypertension. Blood pressure well-controlled at 120/80 mmHg. Continue current medication.,0,Medication/IV fluids
"Patient was admitted with acute appendicitis. Appendectomy was planned but delayed by 48 hours due to lack of surgeon availability, leading to appendix perforation and sepsis.",1,Medical device/equipment
"Administered 50mg of Atenolol to patient instead of prescribed 5mg, resulting in severe bradycardia and hypotension.",1,Documentation
Left sponge in patient's abdomen during Caesarean section. Patient complained of pain and had fever; sponge found on X-ray 3 days later.,1,Resources/organizational
Patient had severe chest pain. ECG showed ST elevation but doctor discharged patient as gastric irritation; patient suffered cardiac arrest at home.,1,Medication/IV fluids
"Cross-matching was missed; transfused B+ blood to A+ patient, leading to acute hemolytic reaction and renal failure.",1,Clinical administration
Admitted patient for routine health checkup. Vital signs are normal. Advised discharge tomorrow.,0,Nutrition/systemic functions
"Patient underwent elective total knee replacement. Pre-operative checks normal, surgery uneventful. Pain controlled.",0,Documentation
Diagnosed with Type 2 diabetes. Prescribed Metformin 500mg daily. Patient educated on diet changes and scheduled for follow-up.,0,Resources/organizational
Presented with mild fever and cough. Chest X-ray clear. Advised hydration and symptomatic treatment.,0,Healthcare-associated infection
Follow-up visit for hypertension. Blood pressure well-controlled at 120/80 mmHg. Continue current medication.,0,Medication/IV fluids
